<?xml version="1.0" encoding="UTF-8"?>
<application xmlns:xsi="http://www.w3.org/2001/XMLSchema-instance" xmlns="http://java.sun.com/xml/ns/javaee" xmlns:application="http://java.sun.com/xml/ns/javaee/application_5.xsd" xsi:schemaLocation="http://java.sun.com/xml/ns/javaee http://java.sun.com/xml/ns/javaee/application_6.xsd" id="Application_ID" version="6">
  <display-name>Projekt_EAR</display-name>
  <module>
    <web>
      <web-uri>ProjektZal_web.war</web-uri>
      <context-root>projekt_ear</context-root>
    </web>
  </module>
  <module>
    <ejb>Project_EJB.jar</ejb>
  </module>
</application>